Close/Last,Volume,Open,High,Low
$230.10 ,47070910,$232.61 ,$233.47 ,$229.55 
$233.67 ,35417250,$233.10 ,$234.33 ,$232.32 
$233.40 ,36087130,$233.32 ,$234.73 ,$232.55 
$231.41 ,38802300,$229.74 ,$233.22 ,$229.57 
$230.57 ,31109500,$229.98 ,$230.82 ,$228.41 
$230.76 ,52286980,$234.08 ,$235.14 ,$227.76 
$235.86 ,38846580,$233.89 ,$236.22 ,$232.60 
$236.48 ,36254470,$234.45 ,$236.85 ,$234.45 
$235.00 ,46431470,$236.18 ,$236.18 ,$234.01 
$232.15 ,32993810,$233.43 ,$233.85 ,$230.52 
$231.78 ,34082240,$231.60 ,$232.12 ,$229.84 
$233.85 ,64751370,$233.61 ,$237.49 ,$232.37 
$231.30 ,39882090,$228.70 ,$231.73 ,$228.60 
$227.55 ,31759190,$229.30 ,$229.41 ,$227.34 
$229.04 ,28183540,$227.78 ,$229.50 ,$227.17 
$229.54 ,33591090,$225.23 ,$229.75 ,$224.83 
$225.77 ,31855690,$224.30 ,$225.98 ,$223.25 
$221.69 ,39505350,$224.50 ,$225.69 ,$221.33 
$226.80 ,37345100,$227.90 ,$228.00 ,$224.13 
$225.67 ,34044160,$225.14 ,$226.81 ,$223.32 
$226.78 ,32880610,$225.89 ,$227.37 ,$223.02 
$226.21 ,63285050,$229.52 ,$229.65 ,$223.74 
$233.00 ,54793390,$230.04 ,$233.00 ,$229.65 
$227.79 ,34025970,$228.46 ,$229.52 ,$227.30 
$227.52 ,36636710,$227.30 ,$228.50 ,$225.41 
$226.37 ,42308720,$224.93 ,$227.29 ,$224.02 
$227.37 ,43556070,$228.65 ,$229.35 ,$225.73 
$226.47 ,54146020,$227.34 ,$229.45 ,$225.81 
$228.20 ,318679900,$229.97 ,$233.09 ,$227.62 
$228.87 ,66781320,$224.99 ,$229.82 ,$224.63 
$220.69 ,59894930,$217.55 ,$222.71 ,$217.54 
$216.79 ,45519340,$215.75 ,$216.90 ,$214.50 
$216.32 ,59357430,$216.54 ,$217.22 ,$213.92 
$222.50 ,36766620,$223.58 ,$224.04 ,$221.91 
$222.77 ,37498230,$222.50 ,$223.55 ,$219.82 
$222.66 ,44587070,$221.46 ,$223.09 ,$217.89 
$220.11 ,51591030,$218.92 ,$221.48 ,$216.73 
$220.91 ,67179970,$220.82 ,$221.27 ,$216.71 
$220.82 ,48423010,$223.95 ,$225.24 ,$219.77 
$222.38 ,36615400,$221.63 ,$225.48 ,$221.52 
$220.85 ,43840200,$221.66 ,$221.78 ,$217.48 
$222.77 ,50190570,$228.55 ,$229.00 ,$221.17 
$229.00 ,52990770,$230.19 ,$230.40 ,$227.48 
$229.79 ,51906300,$230.10 ,$232.92 ,$228.88 
$226.49 ,38052170,$227.92 ,$229.86 ,$225.68 
$228.03 ,35934560,$226.00 ,$228.85 ,$224.89 
$227.18 ,30602210,$226.76 ,$227.28 ,$223.89 
$226.84 ,38677250,$225.66 ,$228.22 ,$224.33 
$224.53 ,43695320,$227.79 ,$228.34 ,$223.90 
$226.40 ,34765480,$226.52 ,$227.98 ,$225.05 
$226.51 ,30299030,$225.77 ,$227.17 ,$225.45 
$225.89 ,40687810,$225.72 ,$225.99 ,$223.04 
$226.05 ,44340240,$223.92 ,$226.83 ,$223.65 
$224.72 ,46414010,$224.60 ,$225.35 ,$222.76 
$221.72 ,41960570,$220.57 ,$223.03 ,$219.70 
$221.27 ,44155330,$219.01 ,$221.89 ,$219.01 
$217.53 ,38028090,$216.07 ,$219.51 ,$215.60 
$216.24 ,42201650,$212.10 ,$216.78 ,$211.97 
$213.31 ,47161150,$213.11 ,$214.20 ,$208.83 
$209.82 ,63516420,$206.90 ,$213.64 ,$206.39 
$207.23 ,69660490,$205.30 ,$209.99 ,$201.07 
$209.27 ,119548600,$199.09 ,$213.50 ,$196.00 
$219.86 ,105568600,$219.15 ,$225.60 ,$217.71 
$218.36 ,62501000,$224.37 ,$224.48 ,$217.02 
$222.08 ,50036260,$221.44 ,$223.82 ,$220.63 
$218.80 ,41643840,$219.19 ,$220.33 ,$216.12 
$218.24 ,36311780,$216.96 ,$219.30 ,$215.75 
$217.96 ,41601350,$218.70 ,$219.49 ,$216.01 
$217.49 ,51391200,$218.93 ,$220.85 ,$214.62 
$218.54 ,61777580,$224.00 ,$224.80 ,$217.13 
$225.01 ,39960260,$224.37 ,$226.94 ,$222.68 
$223.96 ,48201840,$227.01 ,$227.78 ,$223.09 
$224.31 ,49151450,$224.82 ,$226.80 ,$223.28 
$224.18 ,66034590,$230.28 ,$230.44 ,$222.27 
$228.88 ,57345880,$229.45 ,$231.46 ,$226.64 
$234.82 ,43234280,$235.00 ,$236.27 ,$232.33 
$234.40 ,62631250,$236.48 ,$237.23 ,$233.09 
$230.54 ,53046530,$228.92 ,$232.64 ,$228.68 
$227.57 ,64710620,$231.39 ,$232.39 ,$225.77 
$232.98 ,62627690,$229.30 ,$233.08 ,$229.25 
$228.68 ,48169820,$227.93 ,$229.40 ,$226.37 
$227.82 ,59085860,$227.09 ,$227.85 ,$223.25 
$226.34 ,60412410,$221.65 ,$226.45 ,$221.65 
$221.55 ,37369800,$220.00 ,$221.55 ,$219.03 
$220.27 ,58046180,$216.15 ,$220.38 ,$215.10 
$216.75 ,60402930,$212.09 ,$217.51 ,$211.92 
$210.62 ,82542720,$215.77 ,$216.07 ,$210.30 
$214.10 ,49772710,$214.69 ,$215.74 ,$212.35 
$213.25 ,66213190,$211.50 ,$214.86 ,$210.64 
$209.07 ,56713870,$209.15 ,$211.38 ,$208.61 
$208.14 ,80727010,$207.72 ,$212.70 ,$206.59 
$207.49 ,246421400,$210.39 ,$211.89 ,$207.11 
$209.68 ,86172450,$213.93 ,$214.24 ,$208.85 
$214.29 ,79943250,$217.59 ,$218.63 ,$213.00 
$216.67 ,93728300,$213.37 ,$218.95 ,$212.72 
$212.49 ,70122750,$213.85 ,$215.17 ,$211.30 
$214.24 ,97862730,$214.74 ,$216.75 ,$211.60 
$213.07 ,198134300,$207.37 ,$220.20 ,$206.90 
$207.15 ,172373300,$193.65 ,$207.16 ,$193.63 
$193.12 ,97262080,$196.90 ,$197.30 ,$192.15 
$196.89 ,53103910,$194.65 ,$196.94 ,$194.14 
$194.48 ,41181750,$195.69 ,$196.50 ,$194.17 
$195.87 ,54156790,$195.40 ,$196.90 ,$194.87 
$194.35 ,47471450,$194.64 ,$195.32 ,$193.03 
$194.03 ,50080540,$192.90 ,$194.99 ,$192.52 
$192.25 ,75158280,$191.44 ,$192.57 ,$189.91 
$191.29 ,49947940,$190.76 ,$192.18 ,$190.63 
$190.29 ,53068020,$189.61 ,$192.25 ,$189.51 
$189.99 ,52280050,$191.51 ,$193.00 ,$189.10 
$189.98 ,36326980,$188.82 ,$190.58 ,$188.04 
$186.88 ,51005920,$190.98 ,$191.00 ,$186.63 
$190.90 ,34648550,$192.27 ,$192.82 ,$190.27 
$192.35 ,42309400,$191.09 ,$192.73 ,$190.92 
$191.04 ,44361280,$189.33 ,$191.92 ,$189.01 
$189.87 ,41282930,$189.51 ,$190.81 ,$189.18 
$189.84 ,52845230,$190.47 ,$191.10 ,$189.66 
$189.72 ,70399990,$187.91 ,$190.65 ,$187.37 
$187.43 ,52393620,$187.51 ,$188.30 ,$186.29 
$186.28 ,72044810,$185.44 ,$187.10 ,$184.62 
$183.05 ,50759500,$184.90 ,$185.09 ,$182.13 
$184.57 ,48982970,$182.56 ,$184.66 ,$182.11 
$182.74 ,45057090,$182.85 ,$183.07 ,$181.45 
$182.40 ,77305770,$183.45 ,$184.90 ,$181.32 
$181.71 ,78569670,$182.35 ,$184.20 ,$180.42 
$183.38 ,163224100,$186.65 ,$187.00 ,$182.66 
$173.03 ,94214920,$172.51 ,$173.42 ,$170.89 
$169.30 ,50383150,$169.58 ,$172.71 ,$169.11 
$170.33 ,65934780,$173.33 ,$174.99 ,$170.00 
$173.50 ,68169420,$173.37 ,$176.03 ,$173.10 
$169.30 ,44838350,$169.88 ,$171.34 ,$169.18 
$169.89 ,50558330,$169.53 ,$170.61 ,$168.15 
$169.02 ,48251840,$166.54 ,$169.30 ,$166.21 
$166.90 ,49537760,$165.35 ,$167.05 ,$164.92 
$165.84 ,48116440,$165.52 ,$167.26 ,$164.77 
$165.00 ,68149380,$166.21 ,$166.40 ,$164.08 
$167.04 ,43122900,$168.03 ,$168.64 ,$166.55 
$168.00 ,50901210,$169.61 ,$170.65 ,$168.00 
$169.38 ,73711240,$171.75 ,$173.76 ,$168.27 
$172.69 ,73531770,$175.36 ,$176.63 ,$172.50 
$176.55 ,101670900,$174.26 ,$178.36 ,$174.21 
$175.04 ,91070280,$168.34 ,$175.46 ,$168.16 
$167.78 ,49709340,$168.80 ,$169.09 ,$167.11 
$169.67 ,42451210,$168.70 ,$170.08 ,$168.35 
$168.45 ,37425510,$169.03 ,$169.20 ,$168.24 
$169.58 ,42104830,$169.59 ,$170.39 ,$168.95 
$168.82 ,53704390,$170.29 ,$171.92 ,$168.82 
$169.65 ,47691720,$168.79 ,$170.68 ,$168.58 
$168.84 ,49329480,$169.08 ,$169.34 ,$168.23 
$170.03 ,46240500,$171.19 ,$171.25 ,$169.48 
$171.48 ,65672690,$171.75 ,$172.23 ,$170.51 
$173.31 ,60273270,$170.41 ,$173.60 ,$170.11 
$169.71 ,57388450,$170.00 ,$171.42 ,$169.58 
$170.85 ,54288330,$170.57 ,$171.94 ,$169.45 
$172.28 ,71160140,$171.76 ,$173.05 ,$170.06 
$171.37 ,106181300,$177.05 ,$177.49 ,$170.84 
$178.67 ,53423100,$175.72 ,$178.67 ,$175.09 
$176.08 ,55215240,$174.34 ,$176.61 ,$173.03 
$173.72 ,75604180,$175.57 ,$177.71 ,$173.52 
$172.62 ,121752700,$171.17 ,$172.62 ,$170.29 
$173.00 ,72913510,$172.91 ,$174.31 ,$172.05 
$171.13 ,52488690,$172.77 ,$173.19 ,$170.76 
$173.23 ,59825370,$173.15 ,$174.03 ,$171.01 
$172.75 ,60139470,$172.94 ,$174.38 ,$172.05 
$170.73 ,76267040,$169.00 ,$173.70 ,$168.94 
$169.00 ,71765060,$169.15 ,$170.73 ,$168.49 
$169.12 ,68587710,$171.06 ,$171.24 ,$168.68 
$170.12 ,95132360,$170.76 ,$172.04 ,$169.62 
$175.10 ,81510100,$176.15 ,$176.90 ,$173.79 
$179.66 ,73563080,$179.55 ,$180.53 ,$177.38 
$180.75 ,136682600,$181.27 ,$182.57 ,$179.53 
$181.42 ,48953940,$182.51 ,$183.12 ,$180.13 
$182.63 ,54318850,$181.10 ,$183.92 ,$179.56 
$181.16 ,40867420,$182.24 ,$182.76 ,$180.65 
$182.52 ,45119680,$185.01 ,$185.04 ,$182.23 
$184.37 ,52292210,$183.48 ,$184.96 ,$182.46 
$182.32 ,41529670,$181.94 ,$182.89 ,$180.66 
$181.56 ,53665550,$181.79 ,$182.43 ,$180.00 
$182.31 ,49752470,$183.42 ,$184.85 ,$181.67 
$183.86 ,65434500,$183.55 ,$184.49 ,$181.35 
$184.15 ,54630520,$185.32 ,$185.53 ,$182.44 
$185.04 ,56529530,$185.77 ,$186.21 ,$183.51 
$187.15 ,41781930,$188.42 ,$188.67 ,$186.79 
$188.85 ,45155220,$188.65 ,$189.99 ,$188.00 
$188.32 ,40962050,$189.39 ,$189.54 ,$187.35 
$189.41 ,53438960,$190.64 ,$191.05 ,$188.61 
$189.30 ,43490760,$186.86 ,$189.31 ,$186.77 
$187.68 ,69668820,$188.15 ,$189.25 ,$185.84 
$185.85 ,102551700,$179.86 ,$187.33 ,$179.25 
$186.86 ,64885410,$183.99 ,$186.95 ,$183.82 
$184.40 ,55467800,$187.04 ,$187.10 ,$184.35 
$188.04 ,55859370,$190.94 ,$191.80 ,$187.47 
$191.73 ,47145620,$192.01 ,$192.20 ,$189.58 
$192.42 ,44594010,$194.27 ,$194.76 ,$191.94 
$194.17 ,54822130,$195.22 ,$196.27 ,$193.11 
$194.50 ,53631320,$195.42 ,$196.38 ,$194.34 
$195.18 ,42355590,$195.02 ,$195.75 ,$193.83 
$193.89 ,60133850,$192.30 ,$195.33 ,$192.26 
$191.56 ,68902990,$189.33 ,$191.95 ,$188.82 
$188.63 ,78005750,$186.09 ,$189.14 ,$185.83 
$182.68 ,47317430,$181.27 ,$182.93 ,$180.30 
$183.63 ,65603040,$182.16 ,$184.26 ,$180.93 
$185.92 ,40477780,$186.06 ,$186.74 ,$185.19 
$185.59 ,49128410,$186.54 ,$187.05 ,$183.62 
$186.19 ,46792910,$184.35 ,$186.40 ,$183.92 
$185.14 ,42841810,$183.92 ,$185.15 ,$182.73 
$185.56 ,59144470,$182.09 ,$185.60 ,$181.50 
$181.18 ,62379660,$181.99 ,$182.76 ,$180.17 
$181.91 ,71983570,$182.15 ,$183.09 ,$180.88 
$184.25 ,58414460,$184.22 ,$185.88 ,$183.43 
$185.64 ,82488670,$187.15 ,$188.44 ,$183.89 
$192.53 ,42672150,$193.90 ,$194.40 ,$191.73 
$193.58 ,34049900,$194.14 ,$194.66 ,$193.17 
$193.15 ,48087680,$192.49 ,$193.50 ,$191.09 
$193.05 ,28919310,$193.61 ,$193.89 ,$192.83 
$193.60 ,37149570,$195.18 ,$195.41 ,$192.97 
$194.68 ,46482550,$196.10 ,$197.08 ,$193.50 
$194.83 ,52242820,$196.90 ,$197.68 ,$194.83 
$196.94 ,40714050,$196.16 ,$196.95 ,$195.89 
$195.89 ,55751860,$196.09 ,$196.63 ,$194.39 
$197.57 ,128538400,$197.53 ,$198.40 ,$197.00 
$198.11 ,66831570,$198.02 ,$199.62 ,$196.16 
$197.96 ,70404180,$195.09 ,$198.00 ,$194.85 
$194.71 ,52696900,$193.08 ,$194.72 ,$191.72 
$193.18 ,60943700,$193.11 ,$193.49 ,$191.42 
$195.71 ,53406360,$194.20 ,$195.99 ,$193.67 
$194.27 ,47477660,$193.63 ,$195.00 ,$193.59 
$192.32 ,41089740,$194.45 ,$194.76 ,$192.11 
$193.42 ,66628400,$190.21 ,$194.40 ,$190.18 
$189.43 ,43389520,$189.98 ,$190.05 ,$187.45 
$191.24 ,45704820,$190.33 ,$191.56 ,$189.23 
$189.95 ,48794370,$189.84 ,$190.32 ,$188.19 
$189.37 ,43014220,$190.90 ,$192.09 ,$188.97 
$190.40 ,38415420,$189.78 ,$191.08 ,$189.40 
$189.79 ,40552610,$189.92 ,$190.67 ,$188.90 
$189.97 ,24048340,$190.87 ,$190.90 ,$189.25 
$191.31 ,39630010,$191.49 ,$192.93 ,$190.83 
$190.64 ,38134490,$191.41 ,$191.52 ,$189.74 
$191.45 ,46538610,$189.89 ,$191.91 ,$189.88 
$189.69 ,50941400,$190.25 ,$190.38 ,$188.57 
$189.71 ,54412920,$189.57 ,$190.96 ,$188.65 
$188.01 ,53790500,$187.85 ,$189.50 ,$187.78 
$187.44 ,60108380,$187.70 ,$188.11 ,$186.30 
$184.80 ,43627520,$185.82 ,$186.03 ,$184.21 
$186.40 ,66177920,$183.97 ,$186.57 ,$183.53 
$182.41 ,53763540,$182.96 ,$184.12 ,$181.81 
$182.89 ,49340280,$182.35 ,$183.45 ,$181.59 
$181.82 ,70529970,$179.18 ,$182.44 ,$178.97 
$179.23 ,63841310,$176.38 ,$179.43 ,$176.21 
$176.65 ,79829250,$174.24 ,$176.82 ,$173.35 
$177.57 ,77334750,$175.52 ,$177.78 ,$175.46 
$173.97 ,56934910,$171.00 ,$174.23 ,$170.12 
$170.77 ,44846020,$169.35 ,$170.90 ,$167.90 
$170.29 ,51130960,$169.02 ,$171.17 ,$168.87 
$168.22 ,58499130,$166.91 ,$168.96 ,$166.83 
$166.89 ,70625260,$170.37 ,$171.38 ,$165.67 
$171.10 ,57156960,$171.88 ,$173.06 ,$170.65 
$173.44 ,43816640,$173.05 ,$173.67 ,$171.45 
$173.00 ,55980110,$170.91 ,$174.01 ,$169.93 
$172.88 ,64244030,$175.31 ,$175.42 ,$172.64 
$175.46 ,59302860,$176.04 ,$177.84 ,$175.19 
$175.84 ,54764380,$175.58 ,$177.58 ,$175.11 
$177.15 ,57549350,$176.65 ,$178.42 ,$174.80 
$178.72 ,52516980,$176.75 ,$179.08 ,$176.51 
$178.85 ,51456080,$181.42 ,$181.93 ,$178.14 
$180.71 ,56743120,$180.07 ,$182.34 ,$179.04 
$179.80 ,47551100,$178.20 ,$179.85 ,$177.60 
$178.39 ,43698020,$178.10 ,$179.72 ,$177.95 
$178.99 ,42390770,$176.81 ,$179.05 ,$175.80 
$177.49 ,57266680,$173.80 ,$177.99 ,$173.18 
$174.91 ,48527920,$173.79 ,$175.45 ,$172.68 
$173.66 ,53020290,$171.09 ,$174.21 ,$170.97 
$172.40 ,49594610,$172.26 ,$173.63 ,$170.82 
$173.75 ,52164540,$171.22 ,$174.30 ,$170.93 
$171.21 ,51861080,$172.02 ,$173.07 ,$170.34 
$170.69 ,56294420,$169.34 ,$172.03 ,$167.62 
$170.43 ,66921810,$172.62 ,$173.04 ,$169.05 
$171.96 ,64588950,$174.82 ,$175.20 ,$171.66 
$176.08 ,46172740,$174.20 ,$176.97 ,$174.15 
$174.79 ,56725390,$174.67 ,$177.08 ,$174.05 
$173.93 ,63149120,$174.55 ,$176.30 ,$173.86 
$175.49 ,58436180,$179.26 ,$179.70 ,$175.40 
$179.07 ,51826940,$177.52 ,$179.63 ,$177.13 
$177.97 ,67257570,$176.48 ,$179.38 ,$176.17 
$175.01 ,109259500,$176.48 ,$176.50 ,$173.82 
$175.74 ,60895760,$174.00 ,$176.10 ,$173.58 
$174.21 ,84267930,$176.51 ,$177.30 ,$173.98 
$176.30 ,90370190,$179.49 ,$180.13 ,$174.82 
$179.36 ,58953050,$180.07 ,$180.30 ,$177.34 
$178.18 ,65602070,$178.35 ,$180.24 ,$177.79 
$177.56 ,112488800,$175.18 ,$178.21 ,$173.54 
$182.91 ,81755820,$188.40 ,$188.85 ,$181.47 
$189.70 ,45280030,$188.28 ,$189.98 ,$187.61 
$189.46 ,45766500,$189.49 ,$189.92 ,$188.28 
$187.87 ,60794470,$187.84 ,$189.12 ,$187.48 
$187.65 ,60813890,$184.94 ,$187.85 ,$184.74 
$184.12 ,53003950,$179.70 ,$184.90 ,$179.50 
$180.19 ,43820700,$180.09 ,$180.59 ,$178.55 
$178.61 ,51449590,$177.38 ,$179.15 ,$175.82 
$176.38 ,54945800,$180.67 ,$181.10 ,$176.01 
$181.12 ,52722750,$178.52 ,$181.55 ,$178.33 
$177.23 ,42084250,$177.06 ,$177.68 ,$176.25 
$175.84 ,46311880,$175.07 ,$176.13 ,$173.74 
$174.49 ,61172150,$172.30 ,$175.10 ,$171.96 
$174.00 ,66062880,$177.14 ,$177.51 ,$173.48 
$176.57 ,46964860,$177.13 ,$178.54 ,$176.50 
$177.45 ,43622590,$178.88 ,$179.48 ,$177.05 
$179.46 ,43675630,$177.97 ,$179.69 ,$177.31 
$177.79 ,52036670,$177.32 ,$178.62 ,$176.55 
$177.97 ,54686850,$179.48 ,$180.75 ,$177.60 
$178.19 ,60378490,$180.87 ,$180.93 ,$177.01 
$179.80 ,67823000,$179.69 ,$180.27 ,$177.58 
$178.85 ,97576070,$182.13 ,$183.13 ,$177.35 
$181.99 ,115956800,$185.52 ,$187.38 ,$181.92 
$191.17 ,62243280,$191.57 ,$192.37 ,$190.69 
$192.58 ,50389330,$195.04 ,$195.18 ,$191.85 
$195.61 ,35281430,$196.24 ,$196.73 ,$195.28 
$196.45 ,38824110,$196.06 ,$196.49 ,$195.26 
$195.83 ,48291440,$194.67 ,$196.63 ,$194.14 
$193.22 ,47460180,$196.02 ,$197.20 ,$192.55 
$194.50 ,47471870,$193.67 ,$195.64 ,$193.32 
$193.62 ,37283200,$193.33 ,$194.44 ,$192.92 
$192.75 ,45505100,$193.41 ,$194.91 ,$192.25 
$191.94 ,71951680,$194.10 ,$194.97 ,$191.23 
$193.13 ,59581200,$195.09 ,$196.47 ,$192.50 
$195.10 ,80507320,$193.10 ,$198.23 ,$192.65 
$193.73 ,48353770,$193.35 ,$194.33 ,$192.42 
$193.99 ,50520160,$191.90 ,$194.32 ,$191.81 
$190.69 ,41616240,$190.23 ,$191.18 ,$189.63 
$190.54 ,41342340,$190.50 ,$191.19 ,$189.78 
$189.77 ,60750250,$189.68 ,$191.70 ,$188.47 
$188.08 ,46638120,$189.16 ,$189.30 ,$186.60 
$188.61 ,59922160,$189.26 ,$189.99 ,$187.04 
$190.68 ,46815000,$191.41 ,$192.67 ,$190.24 
$191.81 ,45156010,$189.84 ,$192.02 ,$189.20 
$191.33 ,46920260,$191.57 ,$192.98 ,$190.62 
$192.46 ,31346600,$193.78 ,$193.88 ,$191.76 
$193.97 ,85213220,$191.63 ,$194.48 ,$191.26 
$189.59 ,46347310,$189.08 ,$190.07 ,$188.94 
$189.25 ,51216800,$187.93 ,$189.90 ,$187.60 
$188.06 ,50730850,$185.89 ,$188.39 ,$185.67 
$185.27 ,48088660,$186.83 ,$188.05 ,$185.23 
$186.68 ,53117000,$185.55 ,$187.56 ,$185.01 
$187.00 ,51245330,$183.74 ,$187.05 ,$183.67 
$183.96 ,49515700,$184.90 ,$185.41 ,$182.59 
$185.01 ,49799090,$184.41 ,$186.10 ,$184.41 
$184.92 ,101256200,$186.73 ,$186.99 ,$184.27 
$186.01 ,65433170,$183.96 ,$186.52 ,$183.78 
$183.95 ,57462880,$183.37 ,$184.39 ,$182.02 
$183.31 ,54929130,$182.80 ,$184.15 ,$182.44 
$183.79 ,54755000,$181.27 ,$183.89 ,$180.97 
$180.96 ,48899970,$181.50 ,$182.23 ,$180.63 
$180.57 ,50214880,$177.90 ,$180.84 ,$177.46 
$177.82 ,61944620,$178.44 ,$181.21 ,$177.32 
$179.21 ,64848370,$179.97 ,$180.12 ,$177.43 
$179.58 ,121946500,$182.63 ,$184.95 ,$178.04 
$180.95 ,61996910,$181.03 ,$181.78 ,$179.26 
$180.09 ,68901810,$177.70 ,$180.12 ,$176.93 
$177.25 ,99625290,$177.33 ,$179.35 ,$176.76 
$177.30 ,55964400,$176.96 ,$178.99 ,$176.57 
$175.43 ,54834980,$173.32 ,$175.77 ,$173.11 
$172.99 ,56058260,$172.41 ,$173.90 ,$171.69 
$171.84 ,45143490,$171.09 ,$172.42 ,$170.52 
$171.56 ,50747260,$173.13 ,$173.38 ,$171.28 
$174.20 ,43570930,$173.98 ,$174.71 ,$173.45 
$175.16 ,55809480,$176.39 ,$176.39 ,$174.94 
$175.05 ,65496660,$173.00 ,$175.24 ,$172.58 
$172.69 ,57951600,$171.71 ,$172.93 ,$170.42 
$172.07 ,42110290,$171.99 ,$173.14 ,$171.80 
$172.07 ,37266660,$173.16 ,$173.21 ,$171.47 
$172.57 ,45533140,$173.62 ,$174.06 ,$171.00 
$173.75 ,49514680,$173.85 ,$174.59 ,$172.17 
$173.56 ,53724500,$173.02 ,$174.03 ,$171.90 
$171.77 ,45326870,$173.05 ,$173.54 ,$171.60 
$173.50 ,55962790,$172.48 ,$173.85 ,$172.11 
$173.57 ,113453200,$170.98 ,$174.30 ,$170.76 
$165.79 ,81235430,$164.89 ,$167.04 ,$164.31 
$167.45 ,65136020,$169.50 ,$170.92 ,$167.16 
$168.54 ,48425700,$170.09 ,$170.35 ,$167.54 
$169.59 ,52472940,$169.28 ,$170.45 ,$168.64 
$169.68 ,55275850,$168.49 ,$169.85 ,$167.88 
$168.41 ,64902330,$165.19 ,$168.56 ,$165.19 
$163.76 ,45498800,$163.06 ,$165.28 ,$162.80 
$163.77 ,48714060,$165.19 ,$166.31 ,$163.73 
$165.33 ,41949580,$165.00 ,$165.60 ,$163.89 
$165.02 ,58337340,$165.05 ,$166.45 ,$164.49 
$166.65 ,52456380,$166.09 ,$167.87 ,$165.56 
$167.63 ,47720170,$165.80 ,$168.16 ,$165.54 
$166.47 ,49923010,$166.10 ,$167.41 ,$165.65 
$165.23 ,41516220,$165.09 ,$165.39 ,$164.03 
$165.21 ,49386480,$164.59 ,$166.32 ,$163.82 
$165.56 ,68445650,$161.63 ,$165.80 ,$161.42 
$160.10 ,50133060,$161.22 ,$162.06 ,$159.78 
$160.80 ,47644220,$162.35 ,$162.36 ,$160.51 
$162.03 ,47716880,$161.42 ,$162.03 ,$160.08 
$164.66 ,45390120,$162.43 ,$164.96 ,$162.00 
$163.76 ,51511740,$164.74 ,$165.05 ,$161.80 
$165.63 ,46278300,$166.60 ,$166.84 ,$165.11 
$166.17 ,56976190,$164.27 ,$166.29 ,$164.22 
$164.90 ,68749790,$162.44 ,$165.00 ,$161.91 
$162.36 ,49501690,$161.53 ,$162.47 ,$161.27 
$160.77 ,51305690,$159.37 ,$161.05 ,$159.35 
$157.65 ,45992150,$157.97 ,$158.49 ,$155.98 
$158.28 ,52390270,$159.94 ,$160.77 ,$157.87 
$160.25 ,59256340,$158.86 ,$160.34 ,$157.85 
$158.93 ,67622060,$158.83 ,$161.55 ,$157.68 
$157.83 ,75701810,$159.30 ,$162.14 ,$157.81 
$159.28 ,73938290,$157.32 ,$159.40 ,$156.54 
$157.40 ,73641420,$155.07 ,$157.82 ,$154.15 
$155.00 ,98944630,$156.08 ,$156.74 ,$154.28 
$155.85 ,76254420,$152.16 ,$156.46 ,$151.64 
$152.99 ,77167870,$151.19 ,$153.25 ,$149.92 
$152.59 ,73695890,$151.28 ,$153.40 ,$150.10 
$150.47 ,84457120,$147.81 ,$153.14 ,$147.70 
$148.50 ,68572400,$150.21 ,$150.94 ,$147.61 
$150.59 ,53833580,$153.56 ,$154.54 ,$150.23 
$152.87 ,47204790,$152.81 ,$153.47 ,$151.83 
$151.60 ,56182030,$153.70 ,$154.03 ,$151.13 
$153.83 ,87558030,$153.79 ,$156.30 ,$153.46 
$151.03 ,70732300,$148.05 ,$151.11 ,$147.33 
$145.91 ,52279760,$144.38 ,$146.71 ,$143.90 
$145.31 ,55478990,$146.83 ,$147.23 ,$145.01 
$147.41 ,50547000,$147.05 ,$149.08 ,$146.83 
$147.92 ,44998470,$147.71 ,$149.17 ,$147.45 
$146.71 ,55469610,$147.11 ,$147.19 ,$145.72 
$149.40 ,48394250,$150.09 ,$150.34 ,$147.24 
$148.91 ,51011310,$148.87 ,$149.95 ,$147.16 
$148.48 ,58867230,$150.20 ,$151.30 ,$148.41 
$152.55 ,59144120,$152.35 ,$153.00 ,$150.85 
$153.71 ,68167940,$153.51 ,$156.33 ,$153.35 
$155.33 ,65669250,$153.11 ,$155.50 ,$152.88 
$153.20 ,61707570,$152.12 ,$153.77 ,$150.86 
$153.85 ,62199010,$150.95 ,$154.26 ,$150.92 
$151.01 ,57450710,$149.46 ,$151.34 ,$149.22 
$150.87 ,56007140,$153.78 ,$154.33 ,$150.42 
$151.92 ,64120080,$153.88 ,$154.58 ,$151.17 
$154.65 ,83322550,$150.64 ,$155.23 ,$150.64 
$151.73 ,69858310,$152.58 ,$153.10 ,$150.78 
$154.50 ,154357300,$148.03 ,$157.38 ,$147.83 
$150.82 ,118339000,$148.90 ,$151.18 ,$148.17 
$145.43 ,77663630,$143.97 ,$146.61 ,$141.32 
$144.29 ,65874460,$142.70 ,$144.34 ,$142.28 
$143.00 ,64015270,$144.96 ,$145.55 ,$142.85 
$145.93 ,70555840,$143.16 ,$147.23 ,$143.08 
$143.96 ,54105070,$143.17 ,$144.25 ,$141.90 
$141.86 ,65799350,$140.89 ,$142.43 ,$138.81 
$142.53 ,66435140,$140.31 ,$143.16 ,$140.30 
$141.11 ,81760310,$138.12 ,$143.32 ,$137.90 
$137.87 ,80223630,$135.28 ,$138.02 ,$134.22 
$135.27 ,58280410,$134.08 ,$136.25 ,$133.77 
$135.21 ,69672800,$136.82 ,$138.61 ,$135.03 
$135.94 ,63646630,$134.83 ,$137.29 ,$134.13 
$134.76 ,57809720,$132.03 ,$134.92 ,$131.66 
$133.41 ,71379650,$133.88 ,$134.26 ,$131.44 
$133.49 ,69458950,$131.25 ,$133.51 ,$130.46 
$130.73 ,63896160,$130.26 ,$131.26 ,$128.12 
$130.15 ,70790810,$130.47 ,$133.41 ,$129.89 
$129.62 ,87754720,$126.01 ,$130.29 ,$124.89 
$125.02 ,80962710,$127.13 ,$127.77 ,$124.76 
$126.36 ,89113630,$126.89 ,$128.66 ,$125.08 
$125.07 ,112117500,$130.28 ,$130.90 ,$124.17 
$129.93 ,77034210,$128.41 ,$129.95 ,$127.43 
$129.61 ,75703710,$127.99 ,$130.48 ,$127.73 
$126.04 ,85438390,$129.67 ,$131.03 ,$125.87 
$130.03 ,69007830,$131.38 ,$131.41 ,$128.72 
$131.86 ,63814890,$130.92 ,$132.42 ,$129.64 
$132.23 ,77852110,$134.35 ,$134.56 ,$130.30 
$135.45 ,85927990,$132.98 ,$136.81 ,$132.75 
$132.30 ,77432820,$131.39 ,$133.25 ,$129.89 
$132.37 ,79592610,$135.11 ,$135.20 ,$131.32 
$134.51 ,160156900,$136.69 ,$137.65 ,$133.73 
$136.50 ,98931910,$141.11 ,$141.80 ,$136.03 
$143.21 ,82291180,$145.35 ,$146.66 ,$141.16 
$145.47 ,93886160,$149.50 ,$149.97 ,$144.24 
$144.49 ,70462650,$142.70 ,$144.50 ,$141.06 
$142.16 ,76097010,$142.34 ,$145.57 ,$140.90 
$142.65 ,62128340,$142.36 ,$143.52 ,$141.10 
$140.94 ,69721090,$142.19 ,$143.37 ,$140.00 
$142.91 ,64727190,$147.08 ,$147.30 ,$141.92 
$146.63 ,68826440,$147.77 ,$150.92 ,$145.77 
$147.81 ,65447450,$145.96 ,$148.00 ,$145.65 
$148.31 ,71250420,$148.21 ,$149.13 ,$146.61 
$148.03 ,111380900,$141.40 ,$148.72 ,$140.55 
$141.17 ,83763800,$144.29 ,$144.81 ,$140.36 
$144.22 ,69346520,$145.14 ,$146.64 ,$143.38 
$148.11 ,35195860,$148.31 ,$148.88 ,$147.12 
$151.07 ,58301400,$149.45 ,$151.83 ,$149.34 
$150.18 ,51804130,$148.13 ,$150.42 ,$146.93 
$148.01 ,58724070,$150.16 ,$150.37 ,$147.72 
$151.29 ,74829570,$152.31 ,$152.70 ,$149.97 
$150.72 ,80389400,$146.43 ,$151.48 ,$146.15 
$148.79 ,64218270,$149.13 ,$149.87 ,$147.29 
$150.04 ,89868330,$152.22 ,$153.59 ,$148.56 
$148.28 ,73374110,$148.97 ,$150.28 ,$147.43 
$149.70 ,93979670,$145.82 ,$150.01 ,$144.37 
$146.87 ,118854000,$141.24 ,$146.87 ,$139.50 
$134.87 ,74917790,$138.50 ,$138.55 ,$134.59 
$139.50 ,89908480,$140.41 ,$141.43 ,$137.49 
$138.92 ,83374630,$137.11 ,$139.15 ,$135.67 
$138.38 ,140814800,$142.09 ,$142.67 ,$134.38 
$138.88 ,97918520,$142.06 ,$142.80 ,$138.75 
$145.03 ,93604620,$148.95 ,$152.17 ,$145.00 
$150.65 ,80379350,$155.08 ,$155.45 ,$149.13 
$153.34 ,97943170,$153.16 ,$154.24 ,$151.92 
$155.74 ,164762400,$148.20 ,$157.50 ,$147.82 
$144.80 ,109180200,$148.07 ,$149.05 ,$144.13 
$149.35 ,88436170,$150.96 ,$151.99 ,$148.04 
$152.34 ,74732290,$150.09 ,$152.49 ,$149.36 
$149.45 ,75981920,$147.19 ,$150.23 ,$146.00 
$147.27 ,86548610,$142.87 ,$147.85 ,$142.65 
$143.39 ,64521990,$143.02 ,$145.89 ,$142.65 
$143.86 ,61758340,$141.69 ,$144.95 ,$141.50 
$143.75 ,99136610,$145.49 ,$146.70 ,$140.61 
$142.41 ,85250940,$141.07 ,$142.90 ,$140.27 
$138.38 ,88597970,$144.31 ,$144.52 ,$138.19 
$142.99 ,113224000,$134.99 ,$143.59 ,$134.37 
$138.34 ,70433740,$139.13 ,$140.36 ,$138.16 
$138.98 ,77033670,$139.90 ,$141.35 ,$138.22 
$140.42 ,74899000,$140.42 ,$141.89 ,$138.57 
$140.09 ,85925560,$142.54 ,$143.10 ,$139.45 
$145.43 ,68402170,$145.81 ,$147.54 ,$145.22 
$146.40 ,79470970,$144.08 ,$147.38 ,$143.01 
$146.10 ,87830060,$145.03 ,$146.22 ,$144.26 
$142.45 ,114311700,$138.21 ,$143.07 ,$137.69 
$138.20 ,124925300,$141.28 ,$143.10 ,$138.00 
$142.48 ,128138200,$146.10 ,$146.72 ,$140.68 
$149.84 ,146691400,$147.64 ,$150.64 ,$144.84 
$151.76 ,84442740,$152.74 ,$154.72 ,$149.95 
$150.77 ,93339410,$149.66 ,$153.77 ,$149.64 
$150.43 ,96029910,$151.19 ,$151.47 ,$148.56 
$152.74 ,86652540,$152.38 ,$154.47 ,$150.91 
$153.72 ,101696800,$157.34 ,$158.74 ,$153.60 
$156.90 ,107689800,$153.40 ,$158.08 ,$153.08 
$154.48 ,81474250,$149.31 ,$154.56 ,$149.10 
$150.70 ,162278800,$151.21 ,$151.35 ,$148.37 
$152.37 ,90481110,$154.65 ,$155.24 ,$151.38 
$155.31 ,87965410,$154.79 ,$157.10 ,$153.61 
$153.84 ,122656600,$159.90 ,$160.54 ,$153.37 
$163.43 ,104956000,$159.59 ,$164.26 ,$159.30 
$157.37 ,68081010,$155.47 ,$157.82 ,$154.75 
$154.46 ,84923850,$154.64 ,$156.36 ,$152.68 
$155.96 ,87449570,$154.83 ,$156.67 ,$153.61 
$154.53 ,73714840,$156.47 ,$157.09 ,$153.69 
$155.81 ,76957770,$159.75 ,$160.36 ,$154.97 
$157.96 ,74229900,$156.64 ,$158.42 ,$154.67 
$157.22 ,87991090,$160.31 ,$160.58 ,$157.14 
$158.91 ,77906200,$162.13 ,$162.56 ,$157.72 
$161.38 ,73313950,$161.15 ,$162.90 ,$159.82 
$163.62 ,78960980,$170.57 ,$171.05 ,$163.56 
$170.03 ,51218210,$168.78 ,$170.14 ,$168.35 
$167.53 ,53841520,$167.32 ,$168.11 ,$166.25 
$167.23 ,54147080,$167.08 ,$168.71 ,$166.65 
$167.57 ,69026810,$169.69 ,$169.86 ,$167.14 
$171.52 ,70346300,$173.03 ,$173.74 ,$171.31 
$174.15 ,62290080,$173.75 ,$174.90 ,$173.12 
$174.55 ,79542040,$172.77 ,$176.15 ,$172.57 
$173.03 ,56377050,$172.78 ,$173.71 ,$171.66 
$173.19 ,54091690,$171.52 ,$173.39 ,$171.35 
$172.10 ,68039380,$169.82 ,$172.17 ,$169.40 
$168.49 ,57149160,$170.06 ,$170.99 ,$168.19 
$169.24 ,70170540,$167.68 ,$169.34 ,$166.90 
$164.92 ,63135500,$164.02 ,$165.82 ,$163.25 
$164.87 ,60362340,$166.37 ,$167.81 ,$164.20 
$165.35 ,56696990,$163.21 ,$165.85 ,$163.00 
$165.81 ,55474140,$166.01 ,$167.19 ,$164.43 
$166.13 ,82507490,$160.84 ,$166.59 ,$160.75 
$160.01 ,59907030,$160.10 ,$162.41 ,$159.63 
$161.51 ,67829380,$161.01 ,$163.59 ,$160.89 
$162.51 ,101786900,$161.24 ,$163.63 ,$159.50 
$157.35 ,81378730,$156.98 ,$157.64 ,$154.41 
$156.79 ,78620690,$152.58 ,$157.33 ,$152.16 
$151.60 ,55138690,$152.27 ,$153.09 ,$150.80 
$152.95 ,53623950,$154.01 ,$155.04 ,$152.28 
$154.09 ,66675410,$155.39 ,$156.28 ,$153.41 
$155.35 ,65086640,$154.50 ,$155.57 ,$151.94 
$153.04 ,64823410,$151.12 ,$153.72 ,$150.37 
$151.00 ,82982370,$147.92 ,$151.23 ,$146.91 
$147.07 ,81420870,$150.74 ,$151.57 ,$146.70 
$150.17 ,76259930,$149.78 ,$150.86 ,$148.20 
$148.47 ,78140740,$144.08 ,$148.95 ,$143.25 
$145.49 ,71185560,$142.99 ,$146.45 ,$142.12 
$145.86 ,77588760,$145.76 ,$148.45 ,$145.05 
$144.87 ,63305110,$145.67 ,$146.64 ,$143.78 
$147.04 ,64547800,$145.27 ,$147.55 ,$145.00 
$146.35 ,66253710,$143.29 ,$146.55 ,$143.28 
$142.92 ,74064250,$141.36 ,$144.12 ,$141.08 
$141.56 ,73429640,$137.77 ,$141.61 ,$136.93 
$138.93 ,71051550,$136.04 ,$139.04 ,$135.66 
$136.72 ,98964470,$137.25 ,$138.37 ,$133.77 
$139.23 ,66242410,$137.46 ,$140.67 ,$136.67 
$137.44 ,67315330,$142.13 ,$143.42 ,$137.33 
$141.66 ,70207910,$142.70 ,$143.49 ,$140.97 
$141.66 ,89116840,$139.90 ,$141.91 ,$139.77 
$138.27 ,72433770,$136.82 ,$138.59 ,$135.63 
$135.35 ,73409230,$134.79 ,$137.76 ,$133.91 
$135.87 ,81000490,$133.42 ,$137.06 ,$133.32 
$131.56 ,134520300,$130.07 ,$133.08 ,$129.81 
$130.06 ,107961500,$132.08 ,$132.39 ,$129.04 
$135.43 ,91532970,$134.29 ,$137.34 ,$132.16 
$132.76 ,84784330,$133.13 ,$133.89 ,$131.48 
$131.88 ,122207100,$132.87 ,$135.20 ,$131.44 
$137.13 ,91566640,$140.28 ,$140.76 ,$137.06 
$142.64 ,69472980,$147.08 ,$147.95 ,$142.53 
$147.96 ,53950200,$148.58 ,$149.87 ,$147.46 
$148.71 ,67808150,$144.35 ,$149.00 ,$144.10 
$146.14 ,71598380,$147.03 ,$148.57 ,$144.90 
$145.38 ,88570290,$146.90 ,$147.97 ,$144.46 
$151.21 ,72348060,$147.83 ,$151.27 ,$146.86 
$148.71 ,74286640,$149.90 ,$151.74 ,$147.68 
$148.84 ,103718400,$149.07 ,$150.66 ,$146.84 
$149.64 ,90978500,$145.39 ,$149.68 ,$145.26 
$143.78 ,90601550,$137.39 ,$144.34 ,$137.14 
$140.52 ,92482700,$138.43 ,$141.79 ,$138.34 
$140.36 ,104132700,$140.81 ,$141.97 ,$137.33 
$143.11 ,117726300,$137.79 ,$143.26 ,$137.65 
$137.59 ,137426100,$139.09 ,$140.70 ,$132.61 
$137.35 ,136095600,$139.88 ,$141.66 ,$136.60 
$140.82 ,109742900,$146.85 ,$147.36 ,$139.90 
$149.24 ,78336250,$148.86 ,$149.77 ,$146.68 
$145.54 ,86643780,$145.55 ,$147.52 ,$144.18 
$147.11 ,113990900,$144.59 ,$148.11 ,$143.11 
$142.56 ,182602000,$142.77 ,$146.20 ,$138.80 
$146.50 ,142689800,$153.50 ,$155.45 ,$145.81 
$154.51 ,115366700,$155.52 ,$156.74 ,$152.93 
$152.06 ,131577900,$154.93 ,$155.83 ,$151.49 
$157.28 ,116124600,$156.01 ,$159.44 ,$154.18 
$156.77 ,130525300,$163.85 ,$164.08 ,$154.95 
$166.02 ,108256500,$159.67 ,$166.48 ,$159.26 
$159.48 ,88966530,$158.15 ,$160.71 ,$156.32 
$157.96 ,123055300,$156.71 ,$158.23 ,$153.27 
$157.65 ,131747600,$161.84 ,$166.20 ,$157.25 
$163.64 ,130216800,$159.25 ,$164.52 ,$158.93 
$156.57 ,88063190,$155.91 ,$159.79 ,$155.38 
$156.80 ,95623240,$162.25 ,$162.34 ,$156.72 
$162.88 ,96046380,$161.12 ,$163.17 ,$158.46 
$161.79 ,84882420,$166.46 ,$167.87 ,$161.50 
$166.42 ,87227770,$168.91 ,$171.53 ,$165.91 
$167.23 ,67929810,$168.76 ,$168.88 ,$166.10 
$167.40 ,67723830,$165.02 ,$167.82 ,$163.91 
$165.07 ,69023940,$163.92 ,$166.60 ,$163.57 
$165.29 ,75329380,$170.62 ,$171.27 ,$165.04 
$170.40 ,70618930,$167.39 ,$171.04 ,$166.77 
$167.66 ,79265180,$168.02 ,$169.87 ,$166.64 
$165.75 ,72246710,$168.71 ,$169.03 ,$165.50 
$170.09 ,76575510,$171.78 ,$171.78 ,$169.20 
$172.14 ,77594650,$171.16 ,$173.36 ,$169.85 
$171.83 ,89058780,$172.36 ,$173.63 ,$170.13 
$175.06 ,73401790,$177.50 ,$178.30 ,$174.42 
$178.44 ,76545980,$174.57 ,$178.49 ,$174.44 
$174.31 ,78751330,$174.03 ,$174.88 ,$171.94 
$174.61 ,103049300,$177.84 ,$178.03 ,$174.40 
$177.77 ,92633150,$178.55 ,$179.61 ,$176.70 
$178.96 ,100589400,$176.69 ,$179.01 ,$176.34 
$175.60 ,90371920,$172.17 ,$175.73 ,$172.00 
$174.72 ,80546160,$173.88 ,$175.28 ,$172.75 
$174.07 ,90131420,$171.06 ,$174.14 ,$170.21 
$170.21 ,98062670,$167.99 ,$172.64 ,$167.65 
$168.82 ,81532010,$165.51 ,$169.42 ,$164.91 
$165.38 ,95811350,$163.51 ,$166.35 ,$163.02 
$163.98 ,123511700,$160.51 ,$164.48 ,$159.76 
$160.62 ,75615380,$158.61 ,$161.00 ,$157.63 
$159.59 ,102300200,$157.05 ,$160.00 ,$154.46 
$155.09 ,92964300,$150.90 ,$155.57 ,$150.38 
$150.62 ,108732100,$151.45 ,$154.12 ,$150.10 
$154.73 ,96970100,$158.93 ,$159.28 ,$154.50 
$158.52 ,105342000,$160.20 ,$160.39 ,$155.98 
$162.95 ,91454910,$161.48 ,$163.41 ,$159.41 
$157.44 ,131148300,$158.82 ,$162.88 ,$155.80 
$159.30 ,96418850,$163.36 ,$165.02 ,$159.04 
$163.17 ,83819590,$164.49 ,$165.55 ,$162.10 
$166.23 ,76678440,$168.47 ,$168.91 ,$165.55 
$166.56 ,79724750,$164.39 ,$167.36 ,$162.95 
$163.20 ,83474430,$164.70 ,$166.60 ,$161.97 
$165.12 ,95056630,$163.06 ,$165.42 ,$162.43 
$164.85 ,91974220,$163.84 ,$165.12 ,$160.87 
$162.74 ,141147500,$152.58 ,$162.85 ,$152.00 
$160.07 ,90009250,$165.54 ,$166.15 ,$159.75 
$164.32 ,91162760,$164.98 ,$166.69 ,$162.15 
$167.30 ,82772670,$169.82 ,$170.54 ,$166.19 
$168.88 ,69589340,$171.03 ,$171.91 ,$168.47 
$172.55 ,61177400,$171.85 ,$173.34 ,$170.05 
$172.79 ,64286320,$170.97 ,$172.95 ,$170.25 
$168.88 ,86185530,$167.37 ,$169.58 ,$166.56 
$168.64 ,98670690,$172.33 ,$173.08 ,$168.04 
$172.12 ,90865900,$174.14 ,$175.48 ,$171.55 
$176.28 ,71285040,$176.05 ,$176.65 ,$174.90 
$174.83 ,74829220,$171.73 ,$175.35 ,$171.43 
$171.66 ,77251200,$172.86 ,$173.95 ,$170.95 
$172.39 ,82465400,$171.68 ,$174.10 ,$170.68 
$172.90 ,89418070,$174.48 ,$176.24 ,$172.12 
$175.84 ,84914260,$174.75 ,$175.88 ,$173.33 
$174.61 ,86213910,$174.01 ,$174.84 ,$172.31 
$174.78 ,115541600,$170.16 ,$175.00 ,$169.51 
$170.33 ,179935700,$165.71 ,$170.35 ,$162.80 
$159.22 ,121954600,$162.45 ,$163.84 ,$158.28 
$159.69 ,108275300,$163.50 ,$164.39 ,$157.82 
$159.78 ,115798400,$158.98 ,$162.76 ,$157.02 
$161.62 ,162706700,$160.02 ,$162.30 ,$154.70 
$162.41 ,122848900,$164.42 ,$166.33 ,$162.30 
$164.51 ,91420520,$166.98 ,$169.68 ,$164.18 
$166.23 ,94814990,$170.00 ,$171.08 ,$165.94 
$169.80 ,91168730,$171.51 ,$172.54 ,$169.41 
$173.07 ,80440780,$171.34 ,$173.78 ,$171.09 
$172.19 ,84505760,$175.78 ,$176.62 ,$171.79 
$175.53 ,74805170,$176.12 ,$177.18 ,$174.82 
$175.08 ,76138310,$172.32 ,$175.18 ,$170.82 
$172.19 ,106765600,$169.08 ,$172.50 ,$168.17 
$172.17 ,86709150,$172.89 ,$174.14 ,$171.03 
$172.00 ,96903960,$172.70 ,$175.30 ,$171.64 
$174.92 ,94537600,$179.61 ,$180.17 ,$174.64 
$179.70 ,99310440,$182.63 ,$182.94 ,$179.12 
$182.01 ,104701200,$177.83 ,$182.88 ,$177.71 
$177.57 ,64062260,$178.09 ,$179.23 ,$177.26 
$178.20 ,59773010,$179.47 ,$180.57 ,$178.09 
$179.38 ,62348930,$179.33 ,$180.63 ,$178.14 
$179.29 ,79144340,$180.16 ,$181.33 ,$178.53 
$180.33 ,74919580,$177.09 ,$180.42 ,$177.07 
$176.28 ,68356570,$175.85 ,$176.85 ,$175.27 
$175.64 ,92135300,$173.04 ,$175.86 ,$172.15 
$172.99 ,91185910,$171.56 ,$173.20 ,$169.12 
$169.75 ,107499100,$168.28 ,$170.58 ,$167.46 
$171.14 ,195923400,$169.93 ,$173.47 ,$169.69 
$172.26 ,150185800,$179.28 ,$181.14 ,$170.75 
$179.30 ,131063300,$175.11 ,$179.50 ,$172.31 
$174.33 ,139380400,$175.25 ,$177.74 ,$172.21 
$175.74 ,153237000,$181.12 ,$182.13 ,$175.53 
$179.45 ,115402700,$175.21 ,$179.63 ,$174.69 
$174.56 ,108923700,$174.91 ,$176.75 ,$173.92 
$175.08 ,116998900,$172.13 ,$175.96 ,$170.70 
$171.18 ,120405400,$169.08 ,$171.58 ,$168.34 
$165.32 ,107497000,$164.29 ,$167.88 ,$164.28 
$161.84 ,118023100,$164.02 ,$164.96 ,$159.72 
$163.76 ,136739200,$158.74 ,$164.20 ,$157.80 
$164.77 ,152423000,$167.48 ,$170.30 ,$164.53 
$165.30 ,174048100,$159.99 ,$165.52 ,$159.92 
$160.24 ,88748220,$159.37 ,$161.19 ,$158.79 
$156.81 ,76959750,$159.57 ,$160.45 ,$156.36 
$161.94 ,69463620,$160.75 ,$162.14 ,$159.64 
$161.41 ,96041900,$161.12 ,$161.80 ,$159.06 
$161.02 ,117467900,$161.68 ,$165.70 ,$161.00 
$160.55 ,117305600,$157.65 ,$161.02 ,$156.53 
$157.87 ,137827700,$153.71 ,$158.67 ,$153.05 
$153.49 ,88807000,$151.00 ,$155.00 ,$150.99 
$151.00 ,59256210,$149.94 ,$151.49 ,$149.34 
$150.00 ,59222800,$150.37 ,$151.88 ,$149.43 
$149.99 ,63804010,$148.43 ,$150.40 ,$147.48 
$147.87 ,40999950,$148.96 ,$149.43 ,$147.68 
$147.92 ,65187090,$150.02 ,$150.13 ,$147.85 
$150.81 ,56787930,$150.20 ,$151.43 ,$150.06 
$150.44 ,55020870,$151.41 ,$151.57 ,$150.16 
$151.28 ,65463880,$151.89 ,$152.20 ,$150.06 
$150.96 ,60394620,$151.58 ,$152.43 ,$150.64 
$151.49 ,54511530,$150.39 ,$151.97 ,$149.82 
$150.02 ,69121990,$148.66 ,$151.57 ,$148.65 
$148.96 ,74588260,$148.99 ,$149.70 ,$147.80 
$149.80 ,124953200,$147.22 ,$149.94 ,$146.41 
$152.57 ,100077900,$149.82 ,$153.17 ,$149.72 
$148.85 ,56094930,$149.36 ,$149.73 ,$148.49 
$149.32 ,60893400,$149.33 ,$150.84 ,$149.01 
$148.64 ,50720560,$148.68 ,$149.37 ,$147.62 
$148.69 ,58883440,$149.69 ,$150.18 ,$148.64 
$149.48 ,61420990,$148.81 ,$149.64 ,$147.87 
$149.26 ,58418790,$148.70 ,$149.75 ,$148.12 
$148.76 ,76378890,$147.01 ,$149.17 ,$146.55 
$146.55 ,85589180,$143.45 ,$146.84 ,$143.16 
$144.84 ,67940330,$143.77 ,$144.90 ,$143.51 
$143.76 ,69907100,$142.11 ,$143.88 ,$141.51 
$140.91 ,78762720,$141.24 ,$141.40 ,$139.20 
$141.51 ,73035860,$143.23 ,$143.25 ,$141.04 
$142.81 ,64452220,$142.27 ,$144.81 ,$141.81 
$142.90 ,58773160,$144.03 ,$144.18 ,$142.56 
$143.29 ,61732660,$143.06 ,$144.22 ,$142.72 
$142.00 ,83221120,$139.47 ,$142.15 ,$138.37 
$141.11 ,80861060,$139.49 ,$142.24 ,$139.36 
$139.14 ,98322010,$141.76 ,$142.21 ,$138.27 
$142.65 ,94639580,$141.90 ,$142.92 ,$139.11 
$141.50 ,89056660,$143.66 ,$144.38 ,$141.28 
$142.83 ,74602040,$142.47 ,$144.45 ,$142.03 
$141.91 ,108972300,$143.25 ,$144.75 ,$141.69 
$145.37 ,74150730,$145.47 ,$145.96 ,$143.82 
$146.92 ,53477870,$145.66 ,$147.47 ,$145.56 
$146.83 ,64838170,$146.65 ,$147.08 ,$145.64 
$145.85 ,76404340,$144.45 ,$146.43 ,$143.70 
$143.43 ,75833960,$143.93 ,$144.60 ,$142.78 
$142.94 ,123478900,$143.80 ,$144.84 ,$141.27 
$146.06 ,129868800,$148.82 ,$148.82 ,$145.76 
$148.79 ,68034150,$148.44 ,$148.97 ,$147.22 
$149.03 ,83281320,$148.56 ,$149.44 ,$146.37 
$148.12 ,109296300,$150.35 ,$151.07 ,$146.91 
$149.55 ,102404300,$150.63 ,$151.42 ,$148.75 
$148.97 ,140893200,$155.00 ,$155.48 ,$148.70 
$154.07 ,57305730,$155.49 ,$156.11 ,$153.95 
$155.11 ,74420210,$156.98 ,$157.04 ,$153.98 
$156.69 ,82278260,$154.97 ,$157.26 ,$154.39 
$154.30 ,57866070,$153.76 ,$154.63 ,$153.09 
$153.65 ,71171320,$153.87 ,$154.72 ,$152.40 
$152.51 ,80313710,$152.83 ,$154.98 ,$152.34 
$151.83 ,86453120,$152.66 ,$152.80 ,$151.29 
$153.12 ,90956720,$149.00 ,$153.49 ,$148.61 
$148.60 ,55802390,$147.48 ,$148.75 ,$146.83 
$147.54 ,48597200,$148.35 ,$149.12 ,$147.51 
$148.36 ,58991300,$149.81 ,$150.32 ,$147.80 
$149.62 ,48606430,$149.45 ,$150.86 ,$149.15 
$149.71 ,60131810,$148.31 ,$150.19 ,$147.89 
$148.19 ,60549630,$147.44 ,$148.50 ,$146.78 
$146.70 ,86960310,$145.03 ,$148.00 ,$144.50 
$146.36 ,86325990,$149.80 ,$150.72 ,$146.15 
$150.19 ,92229740,$150.23 ,$151.68 ,$149.09 
$151.12 ,103558800,$148.54 ,$151.19 ,$146.47 
$149.10 ,59375010,$148.97 ,$149.44 ,$148.27 
$148.89 ,73779110,$146.19 ,$149.05 ,$145.84 
$145.86 ,48493460,$146.05 ,$146.72 ,$145.53 
$145.60 ,69023080,$146.44 ,$147.71 ,$145.30 
$146.09 ,48908690,$146.20 ,$146.70 ,$145.52 
$146.14 ,54126810,$146.35 ,$147.11 ,$145.63 
$147.06 ,46397670,$146.98 ,$147.84 ,$146.17 
$146.95 ,56368270,$147.27 ,$147.79 ,$146.28 
$147.36 ,64786620,$145.81 ,$148.05 ,$145.18 
$145.52 ,62879960,$146.36 ,$146.95 ,$145.25 
$145.86 ,70440630,$144.38 ,$146.33 ,$144.11 
$145.64 ,56699480,$144.69 ,$146.55 ,$144.58 
$144.98 ,118931200,$144.81 ,$146.97 ,$142.54 
$146.77 ,104818600,$149.12 ,$149.21 ,$145.55 
$148.99 ,72434090,$148.27 ,$149.83 ,$147.70 
$148.56 ,71447420,$147.55 ,$148.72 ,$146.92 
$146.80 ,77338160,$145.94 ,$148.20 ,$145.81 
$145.40 ,74993460,$145.53 ,$146.13 ,$144.63 
$146.15 ,96350040,$143.46 ,$147.10 ,$142.96 
$142.45 ,121434600,$143.75 ,$144.07 ,$141.67 
$146.39 ,93251430,$148.46 ,$149.76 ,$145.88 
$148.48 ,106820300,$149.24 ,$150.00 ,$147.09 
$149.15 ,127050800,$148.10 ,$149.57 ,$147.68 
$145.64 ,100827100,$144.03 ,$147.46 ,$143.63 
$144.50 ,76299720,$146.21 ,$146.32 ,$144.00 
$145.11 ,99890800,$142.75 ,$145.65 ,$142.65 
$143.24 ,105575500,$141.58 ,$144.06 ,$140.67 
$144.57 ,104911600,$143.54 ,$144.89 ,$142.66 
$142.02 ,108181800,$140.07 ,$143.15 ,$140.07 
$139.96 ,78945570,$137.90 ,$140.00 ,$137.75 
$137.27 ,52485780,$136.60 ,$137.33 ,$135.76 
$136.96 ,63261390,$136.17 ,$137.41 ,$135.87 
$136.33 ,64556080,$134.80 ,$136.49 ,$134.35 
$134.78 ,62111300,$133.41 ,$135.25 ,$133.35 
$133.11 ,70783750,$133.46 ,$133.89 ,$132.81 
$133.41 ,68711000,$134.45 ,$134.64 ,$132.93 
$133.70 ,60214200,$133.77 ,$134.32 ,$133.23 
$133.98 ,74783620,$132.13 ,$134.08 ,$131.62 
$132.30 ,79663320,$130.30 ,$132.41 ,$129.21 
$130.46 ,108953300,$130.71 ,$131.51 ,$130.24 
$131.79 ,96721670,$129.80 ,$132.55 ,$129.65 
$130.15 ,91815030,$130.37 ,$130.89 ,$128.46 
$129.64 ,62746330,$129.94 ,$130.60 ,$129.39 
$130.48 ,96906490,$127.82 ,$130.54 ,$127.07 
$127.35 ,53522370,$126.53 ,$127.44 ,$126.10 
$126.11 ,71186420,$127.02 ,$128.19 ,$125.94 
$127.13 ,56877940,$127.21 ,$127.75 ,$126.52 
$126.74 ,74403770,$126.60 ,$128.46 ,$126.21 
$125.90 ,71057550,$126.17 ,$126.32 ,$124.83 
$125.89 ,75169340,$124.07 ,$126.16 ,$123.85 
$123.54 ,76229170,$124.68 ,$124.85 ,$123.13 
$125.06 ,59278860,$124.28 ,$125.24 ,$124.05 
$124.28 ,67637120,$125.08 ,$125.35 ,$123.94 
$124.61 ,71311110,$125.57 ,$125.80 ,$124.55 
$125.28 ,94625600,$126.44 ,$127.64 ,$125.08 
$126.85 ,56575920,$126.96 ,$127.39 ,$126.42 
$126.90 ,72009480,$127.82 ,$128.32 ,$126.32 
$127.10 ,63092950,$126.01 ,$127.94 ,$125.94 
$125.43 ,79295440,$127.82 ,$128.00 ,$125.21 
$127.31 ,76857120,$125.23 ,$127.72 ,$125.10 
$124.69 ,92611990,$123.16 ,$124.92 ,$122.86 
$124.85 ,63342930,$126.56 ,$126.99 ,$124.78 
$126.27 ,74116550,$126.82 ,$126.93 ,$125.17 
$127.45 ,81917950,$126.25 ,$127.89 ,$125.85 
$124.97 ,105861300,$124.58 ,$126.15 ,$124.26 
$122.77 ,112172300,$123.40 ,$124.64 ,$122.25 
$125.91 ,126142800,$123.50 ,$126.27 ,$122.77 
$126.85 ,88071230,$129.41 ,$129.54 ,$126.81 
$130.21 ,78973270,$130.85 ,$131.26 ,$129.48 
$129.74 ,78128330,$127.89 ,$129.75 ,$127.13 
$128.10 ,84000900,$129.20 ,$130.45 ,$127.97 
$127.85 ,137564700,$131.19 ,$131.49 ,$126.70 
$132.54 ,75135100,$132.04 ,$134.07 ,$131.83 
$131.46 ,109839500,$131.78 ,$133.56 ,$131.07 
$133.48 ,151101000,$136.47 ,$137.07 ,$132.45 
$133.58 ,107760100,$134.31 ,$135.02 ,$133.08 
$134.39 ,66015800,$135.01 ,$135.41 ,$134.11 
$134.72 ,66905070,$134.83 ,$135.06 ,$133.56 
$134.32 ,78756780,$132.16 ,$135.12 ,$132.16 
$131.94 ,84566460,$133.04 ,$134.15 ,$131.41 
$133.50 ,68847140,$132.36 ,$133.75 ,$131.30 
$133.11 ,94812350,$135.02 ,$135.53 ,$131.81 
$134.84 ,94264220,$133.51 ,$135.47 ,$133.34 
$134.16 ,84922390,$134.30 ,$134.67 ,$133.28 
$134.50 ,89347100,$133.82 ,$135.00 ,$133.64 
$132.03 ,87222780,$134.94 ,$135.00 ,$131.66 
$134.43 ,91266550,$132.44 ,$134.66 ,$131.93 
$131.24 ,91419980,$132.52 ,$132.85 ,$130.63 
$133.00 ,106686700,$129.80 ,$133.04 ,$129.47 
$130.36 ,88844590,$128.95 ,$130.39 ,$128.52 
$127.90 ,83466720,$125.83 ,$127.92 ,$125.14 
$126.21 ,80171250,$126.50 ,$127.13 ,$125.65 
$125.90 ,88651180,$123.87 ,$126.16 ,$123.07 
$123.00 ,75089130,$123.66 ,$124.18 ,$122.49 
$122.15 ,118323800,$121.65 ,$123.52 ,$121.15 
$119.90 ,85671920,$120.11 ,$120.40 ,$118.86 
$121.39 ,80819200,$121.65 ,$122.58 ,$120.73 
$121.21 ,94071230,$120.35 ,$121.48 ,$118.92 
$120.59 ,98844680,$119.54 ,$121.66 ,$119.00 
$120.09 ,88530490,$122.82 ,$122.90 ,$120.07 
$122.54 ,95467140,$123.33 ,$124.24 ,$122.14 
$123.39 ,111912300,$120.33 ,$123.87 ,$120.26 
$119.99 ,185549500,$119.90 ,$121.43 ,$119.68 
$120.53 ,121469800,$122.88 ,$123.18 ,$120.32 
$124.76 ,111932600,$124.05 ,$125.86 ,$122.34 
$125.57 ,115227900,$125.70 ,$127.22 ,$124.72 
$123.99 ,92590560,$121.41 ,$124.00 ,$120.42 
$121.03 ,88105050,$120.40 ,$121.17 ,$119.16 
$121.96 ,103026500,$122.54 ,$123.21 ,$121.26 
$119.98 ,111943300,$121.69 ,$122.17 ,$119.45 
$121.09 ,129525800,$119.03 ,$122.06 ,$118.79 
$116.36 ,154376600,$120.93 ,$121.00 ,$116.21 
$121.42 ,153766600,$120.98 ,$121.94 ,$117.57 
$120.13 ,178155000,$121.75 ,$123.60 ,$118.62 
$122.06 ,112966300,$124.81 ,$125.71 ,$121.84 
$125.12 ,102260900,$128.41 ,$128.72 ,$125.01 
$127.79 ,116307900,$123.75 ,$127.93 ,$122.79 
$121.26 ,164560400,$122.59 ,$124.85 ,$121.20 
$120.99 ,148199500,$124.68 ,$126.46 ,$120.54 
$125.35 ,111039900,$124.94 ,$125.56 ,$122.23 
$125.86 ,158273000,$123.76 ,$126.71 ,$118.39 
$126.00 ,103916400,$128.01 ,$129.72 ,$125.60 
$129.87 ,87668830,$130.24 ,$130.71 ,$128.80 
$129.71 ,96856750,$129.20 ,$130.00 ,$127.41 
$130.84 ,98085250,$131.25 ,$132.22 ,$129.47 
$133.19 ,80576320,$135.49 ,$136.01 ,$132.79 
$135.37 ,60145130,$134.35 ,$135.53 ,$133.69 
$135.13 ,64280030,$135.90 ,$136.39 ,$133.77 
$135.39 ,73046560,$136.48 ,$136.99 ,$134.40 
$136.01 ,76774210,$136.62 ,$137.88 ,$135.85 
$136.91 ,71297210,$136.03 ,$136.96 ,$134.92 
$136.76 ,75693830,$137.35 ,$137.42 ,$135.86 
$137.39 ,84183060,$136.30 ,$137.40 ,$134.59 
$133.94 ,89880940,$135.76 ,$135.77 ,$133.61 
$134.99 ,83305370,$135.73 ,$136.31 ,$134.61 
$134.14 ,106239800,$133.75 ,$135.38 ,$130.93 
$131.96 ,177523800,$135.83 ,$136.74 ,$130.21 
$137.09 ,142621100,$139.52 ,$141.99 ,$136.70 
$142.06 ,140843800,$143.43 ,$144.30 ,$140.41 
$143.16 ,98390560,$143.60 ,$144.30 ,$141.37 
$142.92 ,157611700,$143.07 ,$145.09 ,$136.54 
$139.07 ,114459400,$136.28 ,$139.85 ,$135.02 
$136.87 ,120529500,$133.80 ,$139.67 ,$133.59 
$132.03 ,104319500,$128.66 ,$132.49 ,$128.55 
$127.83 ,90757330,$127.78 ,$128.71 ,$126.94 
$127.14 ,111598500,$128.78 ,$130.22 ,$127.00 
$128.91 ,90221760,$130.80 ,$131.00 ,$128.76 
$130.89 ,88636830,$128.76 ,$131.45 ,$128.49 
$128.80 ,91951150,$128.50 ,$129.69 ,$126.86 
$128.98 ,100620900,$129.19 ,$130.17 ,$128.50 
$132.05 ,105158200,$132.43 ,$132.63 ,$130.23 
$130.92 ,109578200,$128.36 ,$131.63 ,$127.86 
$126.60 ,155088000,$127.72 ,$131.05 ,$126.38 
$131.01 ,97664900,$128.89 ,$131.74 ,$128.43 
$129.41 ,143301900,$133.52 ,$133.61 ,$126.76 
$132.69 ,99116590,$134.08 ,$134.74 ,$131.72 
$133.72 ,96452120,$135.58 ,$135.99 ,$133.40 
$134.87 ,121047300,$138.05 ,$138.79 ,$134.34 
$136.69 ,124486200,$133.99 ,$137.34 ,$133.51 
$131.97 ,54930060,$131.32 ,$133.46 ,$131.10 
$130.96 ,88223690,$132.16 ,$132.43 ,$130.78 
$131.88 ,169351800,$131.61 ,$134.41 ,$129.65 
$128.23 ,121251600,$125.02 ,$128.31 ,$123.45 
$126.66 ,192541500,$128.96 ,$129.10 ,$126.12 
$128.70 ,94359810,$128.90 ,$129.58 ,$128.05 
$127.81 ,98208590,$127.41 ,$128.37 ,$126.56 
$127.88 ,157572300,$124.34 ,$127.90 ,$124.13 
$121.78 ,79075990,$122.60 ,$123.35 ,$121.54 
$122.41 ,86939790,$122.43 ,$122.76 ,$120.55 
$123.24 ,81312170,$120.50 ,$123.87 ,$120.15 
$121.78 ,115089200,$124.53 ,$125.95 ,$121.00 
$124.38 ,82225510,$124.37 ,$124.98 ,$123.09 
$123.75 ,86711990,$122.31 ,$124.57 ,$122.25 
$122.25 ,78260420,$122.60 ,$122.86 ,$121.52 
$122.94 ,78967630,$123.52 ,$123.78 ,$122.21 
$123.08 ,89004200,$122.02 ,$123.37 ,$120.89 
$122.72 ,128166800,$121.01 ,$123.47 ,$120.01 
$119.05 ,169410200,$116.97 ,$120.97 ,$116.81 
$116.59 ,46691330,$116.57 ,$117.49 ,$116.22 
$116.03 ,76499230,$115.55 ,$116.75 ,$115.17 
$115.17 ,113874200,$113.91 ,$115.85 ,$112.59 
$113.85 ,127959300,$117.18 ,$117.62 ,$113.75 
$117.34 ,73604290,$118.64 ,$118.77 ,$117.29 
$118.64 ,74112970,$117.59 ,$119.06 ,$116.81 
$118.03 ,76322110,$118.61 ,$119.82 ,$118.00 
$119.39 ,74270970,$119.55 ,$120.67 ,$118.96 
$120.30 ,91183020,$118.92 ,$120.99 ,$118.15 
$119.26 ,81688590,$119.44 ,$119.67 ,$117.87 
$119.21 ,103350700,$119.62 ,$120.53 ,$118.57 
$119.49 ,112295000,$117.19 ,$119.63 ,$116.44 
$115.97 ,138023400,$115.55 ,$117.59 ,$114.13 
$116.32 ,154515300,$120.50 ,$121.99 ,$116.05 
$118.69 ,114457900,$118.32 ,$119.20 ,$116.13 
$119.03 ,126387100,$117.95 ,$119.62 ,$116.87 
$114.95 ,138235500,$114.14 ,$115.59 ,$112.35 
$110.44 ,107624400,$109.66 ,$111.49 ,$108.73 
$108.77 ,122866900,$109.11 ,$110.68 ,$107.32 
$108.86 ,190573500,$111.06 ,$111.99 ,$107.72 
$115.32 ,146129200,$112.37 ,$116.93 ,$112.20 
$111.20 ,143937800,$115.05 ,$115.43 ,$111.10 
$116.60 ,92276770,$115.49 ,$117.28 ,$114.54 
$115.05 ,111850700,$114.01 ,$116.55 ,$112.88 
$115.04 ,82572650,$116.39 ,$116.55 ,$114.28 
$115.75 ,101988000,$117.45 ,$118.04 ,$114.59 
$116.87 ,89945980,$116.67 ,$118.71 ,$116.45 
$117.51 ,124423700,$116.20 ,$118.98 ,$115.63 
$115.98 ,120639300,$119.96 ,$120.42 ,$115.66 
$119.02 ,115393800,$121.28 ,$121.55 ,$118.81 
$120.71 ,112559200,$118.72 ,$121.20 ,$118.15 
$121.19 ,151062300,$121.00 ,$123.03 ,$119.62 
$121.10 ,262330500,$125.27 ,$125.39 ,$119.65 
$124.40 ,240226800,$120.06 ,$125.18 ,$119.28 
$116.97 ,100506900,$115.28 ,$117.00 ,$114.92 
$114.97 ,83477150,$116.25 ,$116.40 ,$114.59 
$115.08 ,96848990,$114.62 ,$115.55 ,$114.13 
$113.16 ,161498200,$115.70 ,$116.12 ,$112.25 
$116.50 ,106243800,$113.91 ,$116.65 ,$113.55 
$113.02 ,144712000,$112.89 ,$115.37 ,$112.22 
$116.79 ,116120400,$117.64 ,$117.72 ,$115.83 
$115.81 ,142675200,$113.79 ,$117.26 ,$113.62 
$114.09 ,100060500,$114.55 ,$115.31 ,$113.57 
$114.96 ,137672400,$115.01 ,$115.32 ,$112.78 
$112.28 ,149981400,$108.43 ,$112.44 ,$107.67 
$108.22 ,167743300,$105.17 ,$110.25 ,$105.00 
$107.12 ,150718700,$111.62 ,$112.11 ,$106.77 
$111.81 ,183055400,$112.68 ,$112.86 ,$109.16 
$110.08 ,195713800,$104.54 ,$110.19 ,$103.10 
$106.84 ,287104900,$110.40 ,$110.88 ,$106.09 
$110.34 ,178011000,$109.72 ,$112.20 ,$108.71 
$112.13 ,155026700,$115.23 ,$116.00 ,$112.04 
$115.54 ,184642000,$118.33 ,$118.83 ,$113.61 
$115.36 ,140150100,$114.72 ,$115.93 ,$112.80 
$112.00 ,180860300,$114.57 ,$115.23 ,$110.00 
$113.49 ,182274400,$120.36 ,$120.50 ,$112.50 
$117.32 ,176940500,$117.26 ,$119.14 ,$115.26 
$112.82 ,231366600,$113.95 ,$118.99 ,$112.68 
$120.96 ,332607200,$120.07 ,$123.70 ,$110.89 
$120.88 ,257599600,$126.91 ,$128.84 ,$120.50 
$131.40 ,200119000,$137.59 ,$137.98 ,$127.00 
$134.18 ,152470100,$132.76 ,$134.80 ,$130.53 
$129.04 ,225702700,$127.58 ,$131.00 ,$126.00 
$124.81 ,187629920,$126.01 ,$126.44 ,$124.58 
$125.01 ,155552400,$127.14 ,$127.49 ,$123.83 
$126.52 ,163022280,$126.18 ,$126.99 ,$125.08 
$124.83 ,211495800,$124.70 ,$125.18 ,$123.05 
$125.86 ,345937760,$128.70 ,$128.79 ,$123.94 
$124.37 ,338054640,$119.26 ,$124.87 ,$119.25 
$118.28 ,126907200,$115.75 ,$118.39 ,$115.73 
$115.71 ,145538000,$115.98 ,$117.16 ,$115.61 
$115.56 ,105633560,$114.35 ,$116.00 ,$114.01 
$114.61 ,119561440,$116.06 ,$116.09 ,$113.96 
$114.91 ,165565200,$114.83 ,$115.00 ,$113.05 
$115.01 ,210082080,$114.43 ,$116.04 ,$113.93 
$113.01 ,165944840,$110.50 ,$113.28 ,$110.30 
$109.38 ,187902360,$111.97 ,$112.48 ,$109.11 
$112.73 ,212403440,$112.60 ,$113.78 ,$110.00 
$111.11 ,198045600,$113.21 ,$113.68 ,$110.29 
$113.90 ,202428920,$110.41 ,$114.41 ,$109.80 
$110.06 ,121991960,$109.38 ,$110.39 ,$108.90 
$109.67 ,172792360,$109.13 ,$110.79 ,$108.39 
$108.94 ,308151400,$108.20 ,$111.64 ,$107.89 
$106.26 ,374295480,$102.88 ,$106.42 ,$100.83 
$96.19 ,158130040,$94.19 ,$96.30 ,$93.77 
$95.04 ,90329240,$93.75 ,$95.23 ,$93.71 
$93.25 ,103625520,$94.37 ,$94.55 ,$93.25 
$94.81 ,121214200,$93.71 ,$94.91 ,$93.48 
$92.62 ,185438880,$90.99 ,$92.97 ,$89.15 
$92.85 ,197004440,$97.00 ,$97.08 ,$92.01 
$97.27 ,89001640,$96.69 ,$97.98 ,$96.60 
$97.00 ,103645840,$99.17 ,$99.25 ,$96.74 
$98.36 ,90317920,$96.42 ,$98.50 ,$96.06 
$96.33 ,92186920,$96.99 ,$97.15 ,$95.84 
$96.52 ,110577680,$96.56 ,$97.41 ,$95.91 
$97.73 ,153197920,$98.99 ,$99.25 ,$96.49 
$97.06 ,170989360,$94.84 ,$97.26 ,$93.88 
$95.48 ,191649160,$97.27 ,$99.96 ,$95.26 
$95.92 ,90257320,$95.34 ,$95.98 ,$94.71 
$95.68 ,125642600,$96.26 ,$96.32 ,$94.67 
$95.34 ,117091880,$94.18 ,$95.38 ,$94.09 
$93.17 ,112424440,$93.85 ,$94.66 ,$93.06 
$93.46 ,118655640,$92.50 ,$93.95 ,$92.47 
$91.03 ,114041480,$91.96 ,$92.62 ,$90.91 
$91.03 ,110737240,$91.28 ,$91.84 ,$90.98 
$91.20 ,140223280,$90.02 ,$91.50 ,$90.00 
$90.45 ,130646080,$88.31 ,$90.54 ,$87.82 
$88.41 ,205256840,$91.10 ,$91.33 ,$88.26 
$91.21 ,137522520,$90.18 ,$91.25 ,$89.39 
$90.02 ,192623400,$91.25 ,$92.20 ,$89.63 
$91.63 ,212155480,$91.00 ,$93.10 ,$90.57 
$89.72 ,135445280,$87.84 ,$89.87 ,$87.79 
$87.43 ,264475800,$88.66 ,$89.14 ,$86.29 
$87.93 ,96820400,$87.85 ,$88.36 ,$87.31 
$87.90 ,114406520,$88.79 ,$88.85 ,$87.77 
$88.02 ,165428720,$87.87 ,$88.30 ,$86.18 
$85.75 ,138808920,$83.31 ,$86.42 ,$83.15 
$84.70 ,200146040,$86.18 ,$86.95 ,$83.56 
$83.98 ,201662440,$87.33 ,$87.77 ,$83.87 
$88.21 ,166651760,$86.98 ,$88.69 ,$86.52 
$86.00 ,147712360,$83.04 ,$86.40 ,$83.00 
$83.37 ,95654520,$82.56 ,$83.40 ,$81.83 
$82.88 ,137250200,$80.84 ,$82.94 ,$80.81 
$80.58 ,87560360,$81.10 ,$81.41 ,$80.20 
$81.28 ,104491200,$81.17 ,$81.55 ,$80.58 
$80.84 ,87642800,$80.19 ,$80.86 ,$79.73 
$80.46 ,81018600,$79.44 ,$80.59 ,$79.30 
$79.49 ,153598120,$79.81 ,$80.29 ,$79.12 
$79.56 ,133796400,$79.19 ,$80.86 ,$78.91 
$79.53 ,112945080,$79.04 ,$79.68 ,$78.27 
$79.18 ,125521800,$80.88 ,$81.06 ,$79.13 
$79.72 ,81803000,$78.94 ,$79.81 ,$78.84 
$79.21 ,102688840,$79.67 ,$80.22 ,$78.97 
$79.81 ,111504880,$79.17 ,$79.88 ,$79.05 
$78.29 ,101729560,$78.76 ,$79.63 ,$78.25 
$78.74 ,135372520,$78.29 ,$79.13 ,$77.58 
$76.93 ,166348360,$75.09 ,$76.98 ,$75.05 
$77.39 ,158929080,$76.13 ,$77.45 ,$75.38 
$76.91 ,200622560,$78.04 ,$78.99 ,$75.80 
$77.85 ,162301040,$79.46 ,$79.92 ,$77.73 
$78.75 ,145946240,$77.03 ,$79.26 ,$76.81 
$77.53 ,134047960,$76.41 ,$77.59 ,$76.07 
$75.94 ,115215040,$75.81 ,$76.29 ,$75.49 
$75.16 ,142333760,$75.12 ,$75.81 ,$74.72 
$74.39 ,147751200,$73.77 ,$75.25 ,$73.62 
$73.29 ,133567960,$72.29 ,$73.42 ,$71.58 
$72.27 ,240616720,$71.56 ,$74.75 ,$71.46 
$73.45 ,183063880,$72.49 ,$73.63 ,$72.09 
$71.93 ,137280800,$71.18 ,$72.42 ,$70.97 
$69.65 ,112004760,$71.27 ,$71.46 ,$69.55 
$70.79 ,117087560,$70.45 ,$71.14 ,$69.99 
$70.74 ,126508720,$69.30 ,$70.75 ,$69.25 
$68.76 ,124814320,$68.97 ,$70.44 ,$68.72 
$69.03 ,117057360,$68.40 ,$69.48 ,$68.05 
$67.09 ,180991560,$69.07 ,$69.31 ,$66.36 
$69.23 ,130015000,$69.49 ,$70.42 ,$69.21 
$70.70 ,215249920,$71.17 ,$71.74 ,$69.22 
$71.67 ,157125160,$71.85 ,$72.05 ,$70.59 
$71.11 ,131154560,$70.60 ,$71.58 ,$70.16 
$71.76 ,194994680,$70.00 ,$72.06 ,$69.51 
$68.31 ,131022920,$67.08 ,$68.43 ,$66.46 
$67.00 ,162116480,$67.18 ,$67.52 ,$66.18 
$66.52 ,168895280,$65.69 ,$66.84 ,$65.31 
$64.86 ,202887320,$67.70 ,$67.93 ,$64.75 
$65.62 ,201820280,$62.73 ,$65.78 ,$62.35 
$60.35 ,129880080,$60.70 ,$61.43 ,$59.74 
$61.23 ,165933960,$60.09 ,$61.29 ,$59.23 
$60.23 ,176218560,$61.63 ,$62.18 ,$59.78 
$63.57 ,197002000,$63.90 ,$65.62 ,$63.00 
$63.70 ,167976440,$62.69 ,$63.88 ,$62.35 
$61.94 ,204216600,$63.19 ,$63.97 ,$61.76 
$64.61 ,252560680,$61.63 ,$64.67 ,$61.59 
$61.38 ,303602040,$62.69 ,$64.56 ,$61.08 
$61.72 ,287531080,$59.09 ,$61.92 ,$58.58 
$56.09 ,336752840,$57.02 ,$57.12 ,$53.15 
$57.31 ,401693200,$61.80 ,$62.96 ,$57.00 
$61.20 ,271857040,$61.85 ,$63.21 ,$60.65 
$61.67 ,300233640,$59.94 ,$62.50 ,$59.28 
$63.22 ,324055880,$61.88 ,$64.40 ,$59.60 
$60.55 ,322423480,$60.49 ,$64.77 ,$60.00 
$69.49 ,370732120,$66.22 ,$69.98 ,$63.24 
$62.06 ,418474000,$63.99 ,$67.50 ,$62.00 
$68.86 ,256379880,$69.35 ,$70.31 ,$67.97 
$71.34 ,285290080,$69.29 ,$71.61 ,$67.34 
$66.54 ,286744840,$65.94 ,$69.52 ,$65.75 
$72.26 ,226177000,$70.50 ,$72.71 ,$70.31 
$73.23 ,187572880,$73.88 ,$74.89 ,$72.85 
$75.69 ,219178280,$74.11 ,$75.85 ,$73.28 
$72.33 ,319475400,$75.92 ,$76.00 ,$71.45 
$74.70 ,341397360,$70.57 ,$75.36 ,$69.43 
$68.34 ,426884800,$64.32 ,$69.60 ,$64.09 
$68.38 ,320605520,$70.28 ,$71.50 ,$68.24 
$73.16 ,198713720,$71.63 ,$74.47 ,$71.63 
$72.02 ,230673440,$75.24 ,$75.63 ,$71.53 
$74.55 ,222195320,$74.32 ,$76.05 ,$72.31 
$78.26 ,129705680,$79.66 ,$80.11 ,$77.63 
$80.08 ,100565960,$80.66 ,$81.16 ,$79.55 
$80.91 ,93983960,$80.00 ,$81.14 ,$80.00 
$79.75 ,152762200,$78.84 ,$79.94 ,$78.65 
$81.24 ,80113800,$81.19 ,$81.50 ,$80.71 
$81.22 ,94747560,$81.05 ,$81.56 ,$80.84 
$81.80 ,113730280,$80.37 ,$81.81 ,$80.37 
$79.90 ,94323120,$80.90 ,$80.98 ,$79.68 
$80.39 ,109348880,$78.55 ,$80.39 ,$78.46 
$80.01 ,117684040,$80.59 ,$80.85 ,$79.50 
$81.30 ,105425560,$80.64 ,$81.31 ,$80.07 
$80.36 ,118826880,$80.88 ,$81.19 ,$79.74 
$79.71 ,136616520,$78.83 ,$79.91 ,$78.41 
$77.17 ,173985600,$76.08 ,$78.37 ,$75.56 
$77.38 ,199588400,$80.23 ,$80.67 ,$77.07 
$80.97 ,126743240,$80.14 ,$81.02 ,$79.69 
$81.09 ,216599720,$81.11 ,$81.96 ,$80.35 
$79.42 ,162233960,$78.15 ,$79.60 ,$78.05 
$77.24 ,161940040,$77.52 ,$77.94 ,$76.22 
$79.58 ,146537520,$80.06 ,$80.83 ,$79.38 
$79.81 ,104471960,$79.48 ,$79.89 ,$78.91 
$79.43 ,101832480,$79.65 ,$80.00 ,$79.33 
$79.14 ,110843240,$79.30 ,$79.76 ,$79.00 
$79.68 ,137816480,$79.07 ,$79.69 ,$78.75 
$78.81 ,108829000,$78.40 ,$78.93 ,$78.02 
$77.84 ,121923520,$77.96 ,$78.88 ,$77.39 
$78.17 ,162613840,$79.18 ,$79.39 ,$78.04 
$79.24 ,122086880,$77.91 ,$79.27 ,$77.79 
$77.58 ,140869080,$77.65 ,$78.17 ,$77.06 
$77.41 ,170486160,$76.81 ,$77.61 ,$76.55 
$75.80 ,132363800,$74.29 ,$76.11 ,$74.29 
$74.60 ,111510640,$74.96 ,$75.23 ,$74.37 
$74.95 ,118578560,$73.45 ,$74.99 ,$73.19 
$74.36 ,146535520,$74.29 ,$75.15 ,$74.13 
$75.09 ,135647440,$74.06 ,$75.15 ,$73.80 
$73.41 ,100990520,$72.48 ,$73.42 ,$72.38 
$72.88 ,144238440,$72.37 ,$73.17 ,$71.31 
$72.45 ,146371760,$72.78 ,$73.49 ,$72.03 
$72.48 ,93336000,$71.21 ,$72.50 ,$71.18 
$71.07 ,48478840,$71.17 ,$71.22 ,$70.73 
$71.00 ,98711520,$70.13 ,$71.06 ,$70.09 
$69.86 ,276130960,$70.56 ,$70.66 ,$69.64 
$70.01 ,98507800,$69.88 ,$70.30 ,$69.74 
$69.94 ,116098760,$69.95 ,$70.48 ,$69.78 
$70.10 ,114303200,$69.89 ,$70.44 ,$69.70 
$69.97 ,128324440,$69.25 ,$70.20 ,$69.25 
$68.79 ,133731240,$67.87 ,$68.83 ,$67.73 
$67.87 ,137748160,$66.95 ,$68.14 ,$66.83 
$67.69 ,78893560,$67.20 ,$67.78 ,$67.13 
$67.12 ,90529520,$67.15 ,$67.52 ,$66.47 
$66.73 ,128730600,$67.50 ,$67.70 ,$66.23 
$67.68 ,106189960,$66.87 ,$67.75 ,$66.83 
$66.40 ,74645360,$65.95 ,$66.47 ,$65.68 
$65.44 ,67241560,$65.27 ,$65.83 ,$65.17 
$64.86 ,117509080,$64.58 ,$64.88 ,$64.07 
$66.04 ,94774200,$66.82 ,$67.06 ,$65.86 
$66.81 ,46617440,$66.65 ,$67.00 ,$66.48 
$66.96 ,65544480,$66.40 ,$67.00 ,$66.33 
$66.07 ,105339520,$66.74 ,$66.79 ,$65.63 
$66.59 ,84118080,$65.68 ,$66.61 ,$65.63 
$65.45 ,65325040,$65.65 ,$65.80 ,$65.21 
$65.50 ,121395120,$65.92 ,$66.00 ,$65.30 
$65.80 ,106439680,$66.39 ,$66.52 ,$65.10 
$66.57 ,76278400,$66.98 ,$67.00 ,$66.35 
$66.78 ,86803600,$66.45 ,$66.86 ,$66.06 
$66.44 ,100374680,$65.92 ,$66.45 ,$65.75 
$65.66 ,89582240,$65.94 ,$66.22 ,$65.53 
$66.12 ,103270360,$65.28 ,$66.20 ,$65.27 
$65.49 ,87388920,$65.39 ,$65.70 ,$65.23 
$65.55 ,82029840,$64.58 ,$65.62 ,$64.57 
$65.04 ,70082000,$64.67 ,$65.11 ,$64.21 
$64.86 ,94940320,$64.69 ,$65.09 ,$64.53 
$64.31 ,75864480,$64.19 ,$64.37 ,$63.84 
$64.28 ,79897720,$64.26 ,$64.55 ,$64.08 
$64.38 ,103271800,$64.33 ,$64.46 ,$63.85 
$63.96 ,151125320,$62.39 ,$63.98 ,$62.29 
$62.19 ,139162080,$61.81 ,$62.29 ,$59.32 